{"loss":0.0006842016009613872,"success":true,"_runtime":354,"_timestamp":1.7630786449141884e+09,"episodes_trained":346,"_wandb":{"runtime":354},"episode":346,"avg100":475.86,"steps":86657,"_step":345,"return":500}