{"episodes_trained":112,"success":true,"_step":111,"_wandb":{"runtime":97},"avg100":-192.5375132027666,"_timestamp":1.7630767367821646e+09,"loss":0.1574462205171585,"steps":22400,"_runtime":97,"return":-122.1072104322886,"episode":112}