{"_runtime":5,"num_recorded_episodes":5,"episode_time":0.024713,"avg_episode_time":0.050445920000000005,"_wandb":{"runtime":5},"avg_return":-78.68,"_step":99,"episode":100,"return":-91,"test_duration":5.100034,"total_episode_time":5.044592000000001,"_timestamp":1.76309340861488e+09}