{"episode":100,"avg_return":500,"_wandb":{"runtime":17},"num_recorded_episodes":5,"avg_episode_time":0.17014947999999996,"_runtime":17,"episode_time":0.087407,"return":500,"_step":99,"test_duration":17.064715,"total_episode_time":17.014947999999997,"_timestamp":1.7630933559080222e+09}