{"episodes_trained":112,"Training/Episode":112,"success":true,"Performance/Episode_Return":-122.1072104322886,"_timestamp":1.763085830682966e+09,"Stats/Episode_Length":200,"Stats/Episode_Duration":0.812422,"_wandb":{"runtime":91},"Performance/Best_Return_100":-0.8267349270674844,"avg100":-192.5375132027666,"Training/Total_Steps":22400,"Performance/Avg_Return_100":-192.5375132027666,"Learning/Loss":0.09583028201013803,"_step":111,"Learning/Memory_Size":10000,"Learning/Epsilon":0.010127161791197044,"_runtime":91}