{"_timestamp":1.7630864477228496e+09,"avg_return":-138.45906445733195,"num_recorded_episodes":5,"_runtime":11,"_wandb":{"runtime":11},"_step":99,"episode":100,"return":-127.17688439863136}