{"Q_Values/Mean":96.82231903076172,"Performance/Best_Return_100":500,"mean_reward_100":475.01,"Q_Values/Max":96.82889556884766,"Stats/Episode_Duration":2.110701,"Performance/Avg_Return_100":475.01,"Learning/Memory_Size":10000,"Training/Total_Steps":68541,"episodes_trained":254,"Learning/Epsilon":0.010000000000001294,"_runtime":298,"Q_Values/Std":0.00930062960833311,"_step":253,"success":true,"_timestamp":1.7630924572783723e+09,"Performance/Episode_Return":500,"Q_Values/Range":0.013153076171875,"Stats/Episode_Length":500,"_wandb":{"runtime":298},"Learning/Loss":0.1944193285887741,"Training/Episode":254,"Q_Values/Min":96.81574249267578}