{"episode":254,"steps":68541,"_wandb":{"runtime":279},"_runtime":279,"_timestamp":1.7630782890666728e+09,"avg100":475.01,"return":500,"success":true,"_step":253,"loss":0.0015294713666662574,"episodes_trained":254}