{"Performance/Avg_Return_100":-99.57,"Learning/Loss":0.26820669265256986,"Training/Episode":181,"Performance/Episode_Return":-89,"Q_Values/Std":1.0261595249176025,"Performance/Best_Return_100":-62,"Stats/Episode_Duration":0.356161,"episodes_trained":181,"_runtime":98,"Q_Values/Max":-1.0045627355575562,"_wandb":{"runtime":98},"Learning/Epsilon":0.05801617988307896,"Stats/Episode_Length":90,"_timestamp":1.7630919869484596e+09,"Training/Total_Steps":23875,"Q_Values/Min":-3.053856372833252,"Q_Values/Range":2.049293637275696,"mean_reward_100":-99.57,"success":true,"Learning/Memory_Size":10000,"_step":180,"Q_Values/Mean":-1.9970526695251465}