{"episodes_trained":108,"Training/Total_Steps":17377,"Learning/Memory_Size":10000,"Learning/Epsilon":0.010948289866730002,"Stats/Episode_Duration":0.735824,"Performance/Avg_Return_100":-109.98481750488281,"success":true,"_runtime":76,"Stats/Episode_Length":150,"_timestamp":1.7630850778741205e+09,"avg100":-109.98481750488281,"Performance/Episode_Return":-99.43640899658203,"_wandb":{"runtime":76},"_step":107,"Learning/Loss":0.014117466124395529,"Training/Episode":108,"Performance/Best_Return_100":-54.82955551147461}