{"avg_return":-137.64821811317944,"num_recorded_episodes":5,"_runtime":9,"_wandb":{"runtime":9},"_step":99,"episode":100,"return":-3.8684853004857183,"_timestamp":1.7630930506481361e+09}