{"_timestamp":1.7630927812657144e+09,"Stats/Episode_Duration":0.731334,"_wandb":{"runtime":99},"Training/Episode":118,"Q_Values/Std":0.30532175302505493,"episodes_trained":118,"Learning/Memory_Size":10000,"Q_Values/Min":0.8438670635223389,"Stats/Episode_Length":200,"success":true,"Training/Total_Steps":23600,"mean_reward_100":-195.53334176735996,"Q_Values/Max":1.6526408195495605,"Performance/Episode_Return":-1.5127289978706975,"Learning/Loss":0.09356872129254043,"_step":117,"Performance/Best_Return_100":-1.1315029358585447,"Learning/Epsilon":0.010078685604465051,"Performance/Avg_Return_100":-195.53334176735996,"_runtime":99,"Q_Values/Range":0.8087737560272217,"Q_Values/Mean":1.3550727367401123}