{"_step":345,"Training/Episode":346,"Learning/Loss":0.21205551717514753,"Q_Values/Min":101.26263427734375,"_wandb":{"runtime":362},"mean_reward_100":475.86,"Learning/Epsilon":0.01,"Learning/Memory_Size":10000,"Performance/Best_Return_100":500,"Performance/Episode_Return":500,"Q_Values/Range":0.0304718017578125,"Q_Values/Std":0.02154681831598282,"_runtime":362,"Q_Values/Mean":101.27787017822266,"success":true,"Q_Values/Max":101.29310607910156,"Stats/Episode_Length":500,"Performance/Avg_Return_100":475.86,"episodes_trained":346,"_timestamp":1.7630918864192605e+09,"Training/Total_Steps":86657,"Stats/Episode_Duration":1.994271}