{"return":-0.8489558565739488,"_timestamp":1.7630930949718513e+09,"avg_return":-163.52555321285826,"num_recorded_episodes":5,"_wandb":{"runtime":9},"_runtime":9,"_step":99,"episode":100}