{"Learning/Memory_Size":10000,"Q_Values/Min":2.2698936462402344,"_step":111,"_wandb":{"runtime":90},"mean_reward_100":-192.5375132027666,"Performance/Avg_Return_100":-192.5375132027666,"Q_Values/Range":0.3400712013244629,"Performance/Episode_Return":-122.1072104322886,"Performance/Best_Return_100":-0.8267349270674844,"success":true,"Learning/Loss":0.09583028201013803,"Learning/Epsilon":0.010127161791197044,"Stats/Episode_Duration":0.761632,"Q_Values/Mean":2.4881622791290283,"episodes_trained":112,"_runtime":90,"Q_Values/Max":2.6099648475646973,"Training/Episode":112,"Training/Total_Steps":22400,"Q_Values/Std":0.1386401355266571,"_timestamp":1.7630921567554612e+09,"Stats/Episode_Length":200}