{"test_duration":4.705169,"episode_time":0.021091,"episode":100,"return":-85,"avg_episode_time":0.046562200000000005,"total_episode_time":4.65622,"avg_return":-83.26,"_wandb":{"runtime":4},"num_recorded_episodes":5,"_runtime":4,"_step":99,"_timestamp":1.7630933628038793e+09}