{"_wandb":{"runtime":9},"test_duration":9.216439,"num_recorded_episodes":5,"return":-239.19801119133928,"total_episode_time":9.167511000000001,"episode_time":0.038312,"_step":99,"avg_return":-155.1147585688272,"_runtime":9,"episode":100,"_timestamp":1.7630933820719702e+09,"avg_episode_time":0.09167511}