{"_runtime":9,"episode":100,"return":-119.20966844215377,"_timestamp":1.763092871323366e+09,"_step":99,"avg_return":-160.1638268619408,"num_recorded_episodes":5,"_wandb":{"runtime":9}}