{"Learning/Epsilon":0.010694686192566189,"Q_Values/Std":0.1314208060503006,"Learning/Loss":0.03969453850685689,"_wandb":{"runtime":75},"Learning/Memory_Size":10000,"Q_Values/Range":0.2624967396259308,"Performance/Avg_Return_100":-109.89578247070312,"Performance/Episode_Return":-102.29834747314453,"_step":112,"mean_reward_100":-109.89578247070312,"Stats/Episode_Duration":0.684625,"Training/Total_Steps":18155,"Q_Values/Min":0.33242037892341614,"Stats/Episode_Length":173,"Training/Episode":113,"_timestamp":1.763092064504235e+09,"_runtime":75,"success":true,"episodes_trained":113,"Q_Values/Mean":0.4675544202327728,"Q_Values/Max":0.5949171185493469,"Performance/Best_Return_100":-54.0932502746582}