{"_wandb":{"runtime":11},"_runtime":11,"episode":100,"return":-123.18764546393172,"_timestamp":1.763086518349246e+09,"_step":99,"avg_return":-152.8264289613594,"num_recorded_episodes":5}