{"Q_Values/Min":-32.955204010009766,"mean_reward_100":-99.96,"Performance/Best_Return_100":-64,"Q_Values/Max":-31.306396484375,"Training/Episode":248,"Q_Values/Range":1.6488075256347656,"Learning/Epsilon":0.051206425655964914,"Stats/Episode_Length":65,"_wandb":{"runtime":144},"success":true,"Q_Values/Std":0.832136869430542,"episodes_trained":248,"Stats/Episode_Duration":0.278052,"Learning/Memory_Size":10000,"Training/Total_Steps":33344,"Performance/Avg_Return_100":-99.96,"_step":247,"Q_Values/Mean":-32.06545639038086,"Learning/Loss":0.6425431430339813,"_runtime":144,"_timestamp":1.763092603444252e+09,"Performance/Episode_Return":-64}