{"success":true,"episodes_trained":118,"return":-1.5127289978706975,"steps":23600,"loss":0.019798438996076584,"_timestamp":1.7630763224334693e+09,"_wandb":{"runtime":116},"avg100":-195.53334176735996,"_runtime":116,"_step":117,"episode":118}