{"Performance/Episode_Return":-1.5127289978706975,"Stats/Episode_Length":200,"Training/Total_Steps":23600,"_wandb":{"runtime":102},"Learning/Epsilon":0.010078685604465051,"Training/Episode":118,"_timestamp":1.763085182757305e+09,"Learning/Memory_Size":10000,"_step":117,"avg100":-195.53334176735996,"Learning/Loss":0.09356872129254043,"episodes_trained":118,"Performance/Avg_Return_100":-195.53334176735996,"success":true,"Stats/Episode_Duration":0.843471,"Performance/Best_Return_100":-1.1315029358585447,"_runtime":102}