{"Performance/Avg_Return_100":-109.98481750488281,"Learning/Loss":0.014117466124395529,"_wandb":{"runtime":74},"Stats/Episode_Duration":0.610437,"success":true,"_step":107,"episodes_trained":108,"Q_Values/Mean":0.21983309090137482,"Performance/Episode_Return":-99.43640899658203,"Q_Values/Std":0.0335213765501976,"Performance/Best_Return_100":-54.82955551147461,"Q_Values/Min":0.19769759476184845,"Stats/Episode_Length":150,"Q_Values/Max":0.2583999037742615,"Learning/Epsilon":0.010948289866730002,"_timestamp":1.7630926799674375e+09,"Training/Total_Steps":17377,"mean_reward_100":-109.98481750488281,"_runtime":74,"Learning/Memory_Size":10000,"Q_Values/Range":0.060702309012413025,"Training/Episode":108}