{"Training/Total_Steps":33344,"Stats/Episode_Length":65,"Performance/Best_Return_100":-64,"Training/Episode":248,"Q_Values/Min":-32.955204010009766,"Q_Values/Max":-31.306396484375,"Performance/Episode_Return":-64,"Q_Values/Mean":-32.06545639038086,"_step":247,"_runtime":135,"episodes_trained":248,"_timestamp":1.7630875886250222e+09,"success":true,"Learning/Loss":0.6425431430339813,"Learning/Epsilon":0.051206425655964914,"Performance/Avg_Return_100":-99.96,"avg100":-99.96,"Q_Values/Std":0.832136869430542,"Stats/Episode_Duration":0.253072,"_wandb":{"runtime":135},"Q_Values/Range":1.6488075256347656,"Learning/Memory_Size":10000}