{"avg100":-109.89578247070312,"Training/Episode":113,"_timestamp":1.76308573742128e+09,"Performance/Episode_Return":-102.29834747314453,"_runtime":74,"success":true,"_step":112,"Learning/Memory_Size":10000,"Learning/Loss":0.03969453850685689,"Stats/Episode_Length":173,"Performance/Avg_Return_100":-109.89578247070312,"episodes_trained":113,"_wandb":{"runtime":74},"Training/Total_Steps":18155,"Learning/Epsilon":0.010694686192566189,"Performance/Best_Return_100":-54.0932502746582,"Stats/Episode_Duration":0.716073}