{"avg_return":-159.85601198089594,"num_recorded_episodes":5,"_wandb":{"runtime":11},"_runtime":11,"return":-356.50471084853126,"_timestamp":1.7630859897849426e+09,"_step":99,"episode":100}