{"avg_return":500,"test_duration":16.998902,"total_episode_time":16.949507000000004,"num_recorded_episodes":5,"avg_episode_time":0.16949507000000005,"_wandb":{"runtime":17},"episode_time":0.089115,"_timestamp":1.7630934012887278e+09,"return":500,"_step":99,"episode":100,"_runtime":17}