{"_step":117,"_timestamp":1.763076636880373e+09,"return":-1.5127289978706975,"episodes_trained":118,"episode":118,"loss":0.019798438996076584,"success":true,"_runtime":112,"steps":23600,"avg100":-195.53334176735996,"_wandb":{"runtime":112}}