{"_runtime":9,"episode":100,"return":-117.9560556619038,"_timestamp":1.763092917959496e+09,"_step":99,"avg_return":-153.09616535729538,"num_recorded_episodes":5,"_wandb":{"runtime":9}}