{"avg_return":-147.33864444762077,"num_recorded_episodes":5,"_wandb":{"runtime":10},"_runtime":10,"_step":99,"episode":100,"return":-237.800402504104,"_timestamp":1.763085918149158e+09}